NEWS TITLE,NEWS TEXT,DATETIME,URL
D-Street Buzz: IT| pharma stocks outshine led by Infosys| Aurobindo Pharma; RIL jumps 5%,All sectoral indices are trading in the green with IT and the pharma sectors jumping over 4 percent each.,2020-03-24T07:02:00Z,./articles/CBMikwFodHRwczovL3d3dy5tb25leWNvbnRyb2wuY29tL25ld3MvYnVzaW5lc3MvbWFya2V0cy9kLXN0cmVldC1idXp6LWl0LXBoYXJtYS1zdG9ja3Mtb3V0c2hpbmUtbGVkLWJ5LWluZm9zeXMtYXVyb2JpbmRvLXBoYXJtYS1yaWwtanVtcHMtNS01MDY1OTIxLmh0bWzSAZcBaHR0cHM6Ly93d3cubW9uZXljb250cm9sLmNvbS9uZXdzL2J1c2luZXNzL21hcmtldHMvZC1zdHJlZXQtYnV6ei1pdC1waGFybWEtc3RvY2tzLW91dHNoaW5lLWxlZC1ieS1pbmZvc3lzLWF1cm9iaW5kby1waGFybWEtcmlsLWp1bXBzLTUtNTA2NTkyMS5odG1sL2FtcA?hl=en-IN&gl=IN&ceid=IN%3Aen
Infosys share price rallies 10% on SEC all clear in whistleblower case,Infosys share price rallied 10 percent intraday on March 24 after the US Securities and Exchanges Commission (SEC) gave a clean chit to the Indian company in ...,2020-03-24T06:32:00Z,./articles/CBMihAFodHRwczovL3d3dy5tb25leWNvbnRyb2wuY29tL25ld3MvYnVzaW5lc3Mvc3RvY2tzL2luZm9zeXMtc2hhcmUtcHJpY2UtcmFsbGllcy0xMC1vbi1zZWMtYWxsLWNsZWFyLWluLXdoaXN0bGVibG93ZXItY2FzZS01MDY1ODIxLmh0bWzSAYgBaHR0cHM6Ly93d3cubW9uZXljb250cm9sLmNvbS9uZXdzL2J1c2luZXNzL3N0b2Nrcy9pbmZvc3lzLXNoYXJlLXByaWNlLXJhbGxpZXMtMTAtb24tc2VjLWFsbC1jbGVhci1pbi13aGlzdGxlYmxvd2VyLWNhc2UtNTA2NTgyMS5odG1sL2FtcA?hl=en-IN&gl=IN&ceid=IN%3Aen
Gold rate today leapfrogs on risk aversion| global cues,Gold futures were up 0.75 per cent or Rs 476 to Rs 41639 per 10 grams.,2020-03-24T03:49:21Z,./articles/CAIiECASEw-gC1Fqw8wsJ276v1UqGQgEKhAIACoHCAow2pqGCzD954MDMJzyigY?hl=en-IN&gl=IN&ceid=IN%3Aen
Rupee rises against US dollar| a day after hitting record low,The rupee today gained against the US dollar today amid a broad weakening of the greenback after US Federal Reserve announced another round of stimulus ...,2020-03-24T03:36:45Z,./articles/CBMidmh0dHBzOi8vd3d3LmxpdmVtaW50LmNvbS9uZXdzL2luZGlhL3J1cGVlLWRvbGxhci1leGNoYW5nZS1yYXRlLXRvZGF5LWluci1yaXNlcy1zaGFycGx5LWFnYWluc3QtdXNkLTExNTg1MDE5OTkwMTI4Lmh0bWzSAXpodHRwczovL3d3dy5saXZlbWludC5jb20vbmV3cy9pbmRpYS9ydXBlZS1kb2xsYXItZXhjaGFuZ2UtcmF0ZS10b2RheS1pbnItcmlzZXMtc2hhcnBseS1hZ2FpbnN0LXVzZC9hbXAtMTE1ODUwMTk5OTAxMjguaHRtbA?hl=en-IN&gl=IN&ceid=IN%3Aen
Coronavirus Outbreak: SEBI eases compliance requirements for stock brokers| mutual funds; says closely...,New Delhi: In a bid to reduce compliance burden on market participants| SEBI on Monday provided various relaxations to stock brokers and mutual fund houses| ...,2020-03-24T05:43:29Z,./articles/CAIiELeGUEvNkBbMh8-S6OGkgucqFwgEKg8IACoHCAow5v6PATDrwA8wzuge?hl=en-IN&gl=IN&ceid=IN%3Aen
Reliance Jio offers free internet; Airtel| Voda-Idea promise normal internet for work from home needs,Mukesh Ambani's Reliance Jio| Bharti Airtel| and Vodafone Idea have assured users that the internet speed will not cause an issue even as there has been a ...,2020-03-24T05:55:57Z,./articles/CAIiEKdsQhfkWakmmC5AVeaiNckqGQgEKhAIACoHCAow55veCjDzvdUBMOW45gU?hl=en-IN&gl=IN&ceid=IN%3Aen
Your Amazon and Flipkart deliveries will continue during the lockdown| though there might be delays,E-commerce comes under the essential services umbrella| this means that delivery agents from Amazon| Flipkart| Zomato| Swiggy| Bigbasket| Grofers and ...,2020-03-23T06:38:00Z,./articles/CBMisgFodHRwczovL3d3dy5idXNpbmVzc2luc2lkZXIuaW4vYnVzaW5lc3MvZWNvbW1lcmNlL25ld3MveW91ci1hbWF6b24tYW5kLWZsaXBrYXJ0LWRlbGl2ZXJpZXMtd2lsbC1jb250aW51ZS1kdXJpbmctdGhlLWxvY2tkb3duLXRob3VnaC10aGVyZS1taWdodC1iZS1kZWxheXMvYXJ0aWNsZXNob3cvNzQ3Njk5NzMuY21z0gG2AWh0dHBzOi8vd3d3LmJ1c2luZXNzaW5zaWRlci5pbi9idXNpbmVzcy9lY29tbWVyY2UvbmV3cy95b3VyLWFtYXpvbi1hbmQtZmxpcGthcnQtZGVsaXZlcmllcy13aWxsLWNvbnRpbnVlLWR1cmluZy10aGUtbG9ja2Rvd24tdGhvdWdoLXRoZXJlLW1pZ2h0LWJlLWRlbGF5cy9hbXBfYXJ0aWNsZXNob3cvNzQ3Njk5NzMuY21z?hl=en-IN&gl=IN&ceid=IN%3Aen
No comparison between Yes Bank events with ICICI Bank case| says whistle-blower Arvind Gupta,Yes Bank fraud was a mass scale diversion of funds. The entire system was rotten. There is no comparison with ICICI Bank scam| says whistle-blower| Arvind ...,2020-03-23T08:22:34Z,./articles/CAIiEKliyOqHgOivwAmAjHvN34kqGQgEKhAIACoHCAowlbCPCzCrzaIDMOjUrgY?hl=en-IN&gl=IN&ceid=IN%3Aen
First ‘Made-in-India’ COVID-19 Test Kit Developed By Pune-Based Firm Mylab Gets Commercial Nod,Pune-based molecular diagnostics company Mylab Discovery Solutions has developed the first made in India test kit for COVID-19 in a record time of six weeks| ...,2020-03-24T04:30:09Z,./articles/CAIiEIYaELJwW1NHnAWS8q_g9a0qGQgEKhAIACoHCAownIGCCzDFtv4CMP3aswY?hl=en-IN&gl=IN&ceid=IN%3Aen
Reliance Sets Up India's First Dedicated Coronavirus Hospital In Mumbai,Reliance Industries Limited (RIL) on Monday said that it has set up India's first COVID-19 dedicated hospital in Mumbai.,2020-03-24T04:45:51Z,./articles/CAIiECRznH3nHbevYr5TcSrt3JgqGQgEKhAIACoHCAowj8n_CjDIrfkCMPGi6AU?hl=en-IN&gl=IN&ceid=IN%3Aen
COAI Asks Netflix| Amazon Prime| Others To Take Steps To Ease Network Pressure Amid Coronavirus Lockdowns,Anticipating a spike in online video streaming demand amid lockdown and quarantine measures to contain the spread of coronavirus| The Cellular Operators' ...,2020-03-22T15:44:39Z,./articles/CAIiEP9ch2TIkAatinRtbpgXINMqGQgEKhAIACoHCAowqvSQCzD0nKUDMM3htQY?hl=en-IN&gl=IN&ceid=IN%3Aen
Coronavirus: Italy bans travel in bid to slow virus deaths,Italy banned domestic travel and shut down a range of industries on Monday in a last-ditch push against the spread of a coronavirus that has killed nearly 5|500 ...,2020-03-23T14:59:02Z,./articles/CBMihAFodHRwczovL3d3dy5kZWNjYW5oZXJhbGQuY29tL2ludGVybmF0aW9uYWwvd29ybGQtbmV3cy1wb2xpdGljcy9jb3JvbmF2aXJ1cy1pdGFseS1iYW5zLXRyYXZlbC1pbi1iaWQtdG8tc2xvdy12aXJ1cy1kZWF0aHMtODE2NzkyLmh0bWzSAYgBaHR0cHM6Ly93d3cuZGVjY2FuaGVyYWxkLmNvbS9hbXAvaW50ZXJuYXRpb25hbC93b3JsZC1uZXdzLXBvbGl0aWNzL2Nvcm9uYXZpcnVzLWl0YWx5LWJhbnMtdHJhdmVsLWluLWJpZC10by1zbG93LXZpcnVzLWRlYXRocy04MTY3OTIuaHRtbA?hl=en-IN&gl=IN&ceid=IN%3Aen
Excise on fuels may go up by upto ₹8 per litre to fight Covid-19,The government has decided to raise excise duty on petrol and diesel significantly| by upto ₹8 per litre| to mobilise additional resources that would be required ...,2020-03-24T04:49:52Z,./articles/CBMijAFodHRwczovL2F1dG8uaGluZHVzdGFudGltZXMuY29tL2F1dG8vbmV3cy9jb3JvbmF2aXJ1cy1leGNpc2Utb24tZnVlbHMtbWF5LWdvLXVwLWJ5LXVwdG8tcnMtOC1wZXItbGl0cmUtdG8tZmlnaHQtY292aWQtMTktNDE1ODUwMjUxOTc1ODIuaHRtbNIBkAFodHRwczovL2F1dG8uaGluZHVzdGFudGltZXMuY29tL2F1dG8vbmV3cy9jb3JvbmF2aXJ1cy1leGNpc2Utb24tZnVlbHMtbWF5LWdvLXVwLWJ5LXVwdG8tcnMtOC1wZXItbGl0cmUtdG8tZmlnaHQtY292aWQtMTkvYW1wLTQxNTg1MDI1MTk3NTgyLmh0bWw?hl=en-IN&gl=IN&ceid=IN%3Aen
Calls grow for BSE| NSE to be shut down| brokers say nothing to worry about,Closing down a stock exchange would be disastrous for markets| it would mean a complete loss of reputation and confidence from a global standpoint| say ...,2020-03-24T09:01:00Z,./articles/CBMiiQFodHRwczovL3d3dy5tb25leWNvbnRyb2wuY29tL25ld3MvYnVzaW5lc3MvbWFya2V0cy9jYWxscy1ncm93LWZvci1ic2UtbnNlLXRvLWJlLXNodXQtZG93bi1icm9rZXJzLXNheS1ub3RoaW5nLXRvLXdvcnJ5LWFib3V0LTUwNjU5NzEuaHRtbNIBjQFodHRwczovL3d3dy5tb25leWNvbnRyb2wuY29tL25ld3MvYnVzaW5lc3MvbWFya2V0cy9jYWxscy1ncm93LWZvci1ic2UtbnNlLXRvLWJlLXNodXQtZG93bi1icm9rZXJzLXNheS1ub3RoaW5nLXRvLXdvcnJ5LWFib3V0LTUwNjU5NzEuaHRtbC9hbXA?hl=en-IN&gl=IN&ceid=IN%3Aen
HUL share price jumps 6% after acquiring hygiene brand 'VWash' from Glenmark,Share price of FMCG major Hindustan Unilever jumped almost 7 percent intraday on March 24 and is the top Sensex gainer after the company signed an ...,2020-03-24T04:30:00Z,./articles/CBMiiQFodHRwczovL3d3dy5tb25leWNvbnRyb2wuY29tL25ld3MvYnVzaW5lc3MvbWFya2V0cy9odWwtc2hhcmUtcHJpY2UtanVtcHMtNi1hZnRlci1hY3F1aXJpbmctaHlnaWVuZS1icmFuZC12d2FzaC1mcm9tLWdsZW5tYXJrLTUwNjUyNTEuaHRtbNIBjQFodHRwczovL3d3dy5tb25leWNvbnRyb2wuY29tL25ld3MvYnVzaW5lc3MvbWFya2V0cy9odWwtc2hhcmUtcHJpY2UtanVtcHMtNi1hZnRlci1hY3F1aXJpbmctaHlnaWVuZS1icmFuZC12d2FzaC1mcm9tLWdsZW5tYXJrLTUwNjUyNTEuaHRtbC9hbXA?hl=en-IN&gl=IN&ceid=IN%3Aen
Asian shares gain on US Fed's 'whatever-it-takes' stance on virus,Asian stocks rallied on Tuesday as the United States Federal Reserve's sweeping pledge to spend whatever it took to stabilise the financial system eased debt ...,2020-03-24T03:32:00Z,./articles/CBMiYGh0dHBzOi8vd3d3LmFsamF6ZWVyYS5jb20vYWppbXBhY3QvYXNpYW4tc2hhcmVzLWdhaW4tZmVkLXRha2VzLXN0YW5jZS12aXJ1cy0yMDAzMjQwMTE1MjI5MzIuaHRtbNIBZGh0dHBzOi8vd3d3LmFsamF6ZWVyYS5jb20vYW1wL2FqaW1wYWN0L2FzaWFuLXNoYXJlcy1nYWluLWZlZC10YWtlcy1zdGFuY2UtdmlydXMtMjAwMzI0MDExNTIyOTMyLmh0bWw?hl=en-IN&gl=IN&ceid=IN%3Aen
New-Gen Hyundai Creta Gets Shod With 18-Inch Tyres And Sporty Alloys,While the lower trims of the new-gen Hyundai Creta get 16-inch steel wheels| the higher-end trims are offered with 17-inch alloy wheels.,2020-03-24T06:18:00Z,./articles/CBMiWmh0dHBzOi8vZ2FhZGl3YWFkaS5jb20vbmV3LWdlbi1oeXVuZGFpLWNyZXRhLWdldHMtc2hvZC1vbi0xOC1pbmNoLXR5cmVzLWFuZC1zcG9ydHktYWxsb3lzL9IBXmh0dHBzOi8vZ2FhZGl3YWFkaS5jb20vbmV3LWdlbi1oeXVuZGFpLWNyZXRhLWdldHMtc2hvZC1vbi0xOC1pbmNoLXR5cmVzLWFuZC1zcG9ydHktYWxsb3lzL2FtcC8?hl=en-IN&gl=IN&ceid=IN%3Aen
IMF Warns Covid-19 Recession Could be Worse Than 2009| Calls on Rich Nations to Support Poorer Ones,IMF chief Kristalina Georgieva called on advanced economies to provide more support to low-income countries| which face a massive outflow of capital| and ...,2020-03-24T02:54:15Z,./articles/CAIiEFPRRBlPuLQZAYIABS774goqGQgEKhAIACoHCAow5qqNCzD4q58DMJahzgY?hl=en-IN&gl=IN&ceid=IN%3Aen
Tech billionaires including Tim Cook| Elon Musk| and Mark Zuckerberg promised 18 million masks to fight COVID-,Reuters/Nicholas PfosiAn N95 respiration mask.As the coronavirus outbreak spreads across the globe| tech billionaires are promising to donate critical medical.,2020-03-23T10:57:00Z,./articles/CBMiswFodHRwczovL3d3dy5idXNpbmVzc2luc2lkZXIuaW4vc2NpZW5jZS9uZXdzL3RlY2gtYmlsbGlvbmFpcmVzLWluY2x1ZGluZy10aW0tY29vay1lbG9uLW11c2stYW5kLW1hcmstenVja2VyYmVyZy1wcm9taXNlZC0xOC1taWxsaW9uLW1hc2tzLXRvLWZpZ2h0LWNvdmlkLTE5L2FydGljbGVzaG93Lzc0Nzc3MjA1LmNtc9IBtwFodHRwczovL3d3dy5idXNpbmVzc2luc2lkZXIuaW4vc2NpZW5jZS9uZXdzL3RlY2gtYmlsbGlvbmFpcmVzLWluY2x1ZGluZy10aW0tY29vay1lbG9uLW11c2stYW5kLW1hcmstenVja2VyYmVyZy1wcm9taXNlZC0xOC1taWxsaW9uLW1hc2tzLXRvLWZpZ2h0LWNvdmlkLTE5L2FtcF9hcnRpY2xlc2hvdy83NDc3NzIwNS5jbXM?hl=en-IN&gl=IN&ceid=IN%3Aen
Mahindra Sold 93% Diesel Cars in 2019 - Scorpio| Bolero| XUV500,With the narrowing price gap between diesel and petrol| combined with an increasing difference in prices of petrol and diesel cars| around 32% car buyers ...,2020-03-24T04:20:00Z,./articles/CBMiUmh0dHBzOi8vZ2FhZGl3YWFkaS5jb20vbWFoaW5kcmEtc29sZC05My1kaWVzZWwtY2Fycy1pbi0yMDE5LXNjb3JwaW8tYm9sZXJvLXh1djUwMC_SAVZodHRwczovL2dhYWRpd2FhZGkuY29tL21haGluZHJhLXNvbGQtOTMtZGllc2VsLWNhcnMtaW4tMjAxOS1zY29ycGlvLWJvbGVyby14dXY1MDAvYW1wLw?hl=en-IN&gl=IN&ceid=IN%3Aen
From Maruti to Hyundai: Coronavirus in India forces carmakers to halt production,As several states enforced lockdown for most part of this week| carmakers are halting production to battle the coronavirus crisis.,2020-03-23T03:04:49Z,./articles/CBMijQFodHRwczovL2F1dG8uaGluZHVzdGFudGltZXMuY29tL2F1dG8vbmV3cy9mcm9tLW1hcnV0aS10by1oeXVuZGFpLWNvcm9uYXZpcnVzLWluLWluZGlhLWZvcmNlcy1jYXJtYWtlcnMtdG8taGFsdC1wcm9kdWN0aW9uLTQxNTg0OTMyMTY1NjQ5Lmh0bWzSAZEBaHR0cHM6Ly9hdXRvLmhpbmR1c3RhbnRpbWVzLmNvbS9hdXRvL25ld3MvZnJvbS1tYXJ1dGktdG8taHl1bmRhaS1jb3JvbmF2aXJ1cy1pbi1pbmRpYS1mb3JjZXMtY2FybWFrZXJzLXRvLWhhbHQtcHJvZHVjdGlvbi9hbXAtNDE1ODQ5MzIxNjU2NDkuaHRtbA?hl=en-IN&gl=IN&ceid=IN%3Aen
Image of COVID-19 test kit shared as newly developed 'coronavirus vaccine' by Roche,A message circulating on WhatsApp claims that US scientists have developed a vaccine for coronavirus. It claims that President Donald Trump has announced ...,2020-03-23T11:40:47Z,./articles/CBMiaWh0dHBzOi8vd3d3LmFsdG5ld3MuaW4vaW1hZ2Utb2YtY292aWQtMTktdGVzdC1raXQtc2hhcmVkLWFzLW5ld2x5LWRldmVsb3BlZC1jb3JvbmF2aXJ1cy12YWNjaW5lLWJ5LXJvY2hlL9IBAA?hl=en-IN&gl=IN&ceid=IN%3Aen
IndusInd Bank shares tank 30% as Romesh Sobti retires as MD & CEO,Sumant Kathpalia will take over the reins from the veteran banker.,2020-03-24T05:07:00Z,./articles/CBMijAFodHRwczovL2Vjb25vbWljdGltZXMuaW5kaWF0aW1lcy5jb20vbWFya2V0cy9zdG9ja3MvbmV3cy9pbmR1c2luZC1iYW5rLXR1bWJsZXMtMTAtYXMtcm9tZXNoLXNvYnRpLXJldGlyZXMtYXMtbWQtY2VvL2FydGljbGVzaG93Lzc0Nzg2MTgwLmNtc9IBhwFodHRwczovL20uZWNvbm9taWN0aW1lcy5jb20vbWFya2V0cy9zdG9ja3MvbmV3cy9pbmR1c2luZC1iYW5rLXR1bWJsZXMtMTAtYXMtcm9tZXNoLXNvYnRpLXJldGlyZXMtYXMtbWQtY2VvL2FtcF9hcnRpY2xlc2hvdy83NDc4NjE4MC5jbXM?hl=en-IN&gl=IN&ceid=IN%3Aen
Hyundai Motors to suspend production at its Chennai plant from Monday,Hyundai Motor India will suspend vehicle production at its Chennai facility from Monday till further notice as a measure to stop the spread of coronavirus| the ...,2020-03-23T08:09:29Z,./articles/CAIiEDLIX0AKlYv9YlliHs4VSuYqGQgEKhAIACoHCAow7pf_CjDdlfgCMP2F6gU?hl=en-IN&gl=IN&ceid=IN%3Aen
Coronavirus forces SEBI to reduce compliance burden on market participants,SEBI is closely monitoring the movements in the domestic market and has been taking appropriate measures from time to time.,2020-03-23T17:27:00Z,./articles/CBMiigFodHRwczovL3d3dy5tb25leWNvbnRyb2wuY29tL25ld3MvYnVzaW5lc3MvbWFya2V0cy9jb3JvbmF2aXJ1cy1mb3JjZXMtc2ViaS10by1yZWR1Y2UtY29tcGxpYW5jZS1idXJkZW4tb24tbWFya2V0LXBhcnRpY2lwYW50cy01MDY0MzAxLmh0bWzSAY4BaHR0cHM6Ly93d3cubW9uZXljb250cm9sLmNvbS9uZXdzL2J1c2luZXNzL21hcmtldHMvY29yb25hdmlydXMtZm9yY2VzLXNlYmktdG8tcmVkdWNlLWNvbXBsaWFuY2UtYnVyZGVuLW9uLW1hcmtldC1wYXJ0aWNpcGFudHMtNTA2NDMwMS5odG1sL2FtcA?hl=en-IN&gl=IN&ceid=IN%3Aen
In bid for coronavirus vaccine| U.S. eases access to supercomputers,The U.S. government| International Business Machines Corp. and others are giving researchers world-wide access to at least 16 supercomputers to help speed ...,2020-03-23T09:39:14Z,./articles/CBMieWh0dHBzOi8vd3d3LmxpdmVtaW50LmNvbS9uZXdzL3dvcmxkL2luLWJpZC1mb3ItY29yb25hdmlydXMtdmFjY2luZS11LXMtZWFzZXMtYWNjZXNzLXRvLXN1cGVyY29tcHV0ZXJzLTExNTg0OTU1NTcyNDQ3Lmh0bWzSAX1odHRwczovL3d3dy5saXZlbWludC5jb20vbmV3cy93b3JsZC9pbi1iaWQtZm9yLWNvcm9uYXZpcnVzLXZhY2NpbmUtdS1zLWVhc2VzLWFjY2Vzcy10by1zdXBlcmNvbXB1dGVycy9hbXAtMTE1ODQ5NTU1NzI0NDcuaHRtbA?hl=en-IN&gl=IN&ceid=IN%3Aen
Three reasons why stock markets cannot be shut despite a meltdown,Exchanges including NSE| BSE and MCX also allowed brokers to trade from home to ensure business continuity.,2020-03-23T06:31:00Z,./articles/CBMihAFodHRwczovL3d3dy5uZXdpbmRpYW5leHByZXNzLmNvbS9idXNpbmVzcy8yMDIwL21hci8yMy90aHJlZS1yZWFzb25zLXdoeS1zdG9jay1tYXJrZXRzLWNhbm5vdC1iZS1zaHV0LWRlc3BpdGUtYS1tZWx0ZG93bi0yMTIwNDQ1Lmh0bWzSAYMBaHR0cHM6Ly93d3cubmV3aW5kaWFuZXhwcmVzcy5jb20vYnVzaW5lc3MvMjAyMC9tYXIvMjMvdGhyZWUtcmVhc29ucy13aHktc3RvY2stbWFya2V0cy1jYW5ub3QtYmUtc2h1dC1kZXNwaXRlLWEtbWVsdGRvd24tMjEyMDQ0NS5hbXA?hl=en-IN&gl=IN&ceid=IN%3Aen
Covid-19 an economic tsunami; biz failures| bankruptcies coming: Moodys,Coronavirus (Covid-19) pandemic has created a global economic tsunami| warns Moody's Analytics| given how rapidly the virus has spread across countries ...,2020-03-24T08:20:34Z,./articles/CAIiEKcDBweDREOyTALNIFbPvv4qGQgEKhAIACoHCAowsLXdCjCm3dEBMNS-swY?hl=en-IN&gl=IN&ceid=IN%3Aen
BigBasket app| site crash on high demand,NEW DELHI: Website and mobile app of online grocery seller BigBasket on Monday faced breakdown due to surge in demand amid the coronavirus outbreak.,2020-03-24T02:40:10Z,./articles/CAIiEEgEti3JRfZBLFOVdl0Luc8qGQgEKhAIACoHCAow2pqGCzD954MDMNCRmgY?hl=en-IN&gl=IN&ceid=IN%3Aen
Crude Oil Price Update - Friday's Plunge Fueled by Futures Contract Expiration,U.S. West Texas Intermediate crude oil posted a double-digit loss on Friday| after serving up double-digit gains the previous session. The moves more than ...,2020-03-22T16:35:17Z,./articles/CBMifWh0dHBzOi8vd3d3LmZ4ZW1waXJlLmNvbS9mb3JlY2FzdHMvYXJ0aWNsZS9jcnVkZS1vaWwtcHJpY2UtdXBkYXRlLWZyaWRheXMtcGx1bmdlLWZ1ZWxlZC1ieS1mdXR1cmVzLWNvbnRyYWN0LWV4cGlyYXRpb24tNjQwMTU00gEA?hl=en-IN&gl=IN&ceid=IN%3Aen
Amazon hikes overtime pay for workers in US,Amazon Founder and CEO Jeff Bezos sent a memo to employees on Saturday showing health concerns for warehouse workers due to coronavirus outbreak.,2020-03-23T11:57:45Z,./articles/CAIiEA8cqOeWcn5b_k1K1TCSgGcqGQgEKhAIACoHCAowot7cCjD8xM4BMJTu8gU?hl=en-IN&gl=IN&ceid=IN%3Aen
Sterlite Tech share price jumps 8% after board approves share buyback,The share price of Sterlite Technologies spiked more than 8 percent intraday on March 24| the day digital technology company's board of directors approved the ...,2020-03-24T06:16:00Z,./articles/CBMihAFodHRwczovL3d3dy5tb25leWNvbnRyb2wuY29tL25ld3MvYnVzaW5lc3MvbWFya2V0cy9zdGVybGl0ZS10ZWNoLXNoYXJlLXByaWNlLWp1bXBzLTgtYWZ0ZXItYm9hcmQtYXBwcm92ZXMtc2hhcmUtYnV5YmFjay01MDY1ODExLmh0bWzSAYgBaHR0cHM6Ly93d3cubW9uZXljb250cm9sLmNvbS9uZXdzL2J1c2luZXNzL21hcmtldHMvc3RlcmxpdGUtdGVjaC1zaGFyZS1wcmljZS1qdW1wcy04LWFmdGVyLWJvYXJkLWFwcHJvdmVzLXNoYXJlLWJ1eWJhY2stNTA2NTgxMS5odG1sL2FtcA?hl=en-IN&gl=IN&ceid=IN%3Aen
Masa Son unveils a $41 billion asset sale to silence his critics,Son is trying to salvage his reputation as one of the worlds foremost tech investors| a name based largely on a prescient early bet on Alibaba| which grew to ...,2020-03-24T03:37:04Z,./articles/CAIiEPbMTAZizh2kHm83UOwxHY4qGQgEKhAIACoHCAow2pqGCzD954MDMNCRmgY?hl=en-IN&gl=IN&ceid=IN%3Aen
Reliance Jio offering free broadband data! Check details,The company has also doubled data limits for top-up voucher and bundle-free calling minutes to non-Jio networks in these vouchers.,2020-03-23T14:37:33Z,./articles/CAIiELCiRAWAYVhoQClrj6ISV6QqGQgEKhAIACoHCAow55veCjDzvdUBMIPh5gU?hl=en-IN&gl=IN&ceid=IN%3Aen
Coronavirus impact: This company will deliver new car keys by drones,The drones will pass new car keys to consumers by delivering directly to their door or balcony to ensure that people-to-people contact is minimum amid ...,2020-03-23T10:52:03Z,./articles/CBMigQFodHRwczovL2F1dG8uaGluZHVzdGFudGltZXMuY29tL2F1dG8vbmV3cy9jb3JvbmF2aXJ1cy1pbXBhY3QtdGhpcy1jb21wYW55LXdpbGwtZGVsaXZlci1uZXctY2FyLWtleXMtYnktZHJvbmVzLTQxNTg0OTYwMTIxMDE1Lmh0bWzSAYUBaHR0cHM6Ly9hdXRvLmhpbmR1c3RhbnRpbWVzLmNvbS9hdXRvL25ld3MvY29yb25hdmlydXMtaW1wYWN0LXRoaXMtY29tcGFueS13aWxsLWRlbGl2ZXItbmV3LWNhci1rZXlzLWJ5LWRyb25lcy9hbXAtNDE1ODQ5NjAxMjEwMTUuaHRtbA?hl=en-IN&gl=IN&ceid=IN%3Aen
Rapid coronavirus test with 45-min detection time gets fast-tracked| greenlit by US FDA; will be rolled...,The American Food and Drug Administration has approved the first rapid diagnostic test for the novel coronavirus| which could encourage quicker and more ...,2020-03-24T04:35:52Z,./articles/CAIiEEWMy56P7UJZoQTDsJ4IztIqGAgEKg8IACoHCAow5v6PATDrwA8wleW5Bg?hl=en-IN&gl=IN&ceid=IN%3Aen
Samsung temporarily closes its smartphone factory in India to fight COVID-19 spread - GSMArena.com news,Samsung is forced to temporarily close a second factory due to the COVID-19 outbreak - this time the plant in Noida| Uttar Pradesh. It was opened in the summer ...,2020-03-23T10:22:02Z,./articles/CBMiYmh0dHBzOi8vd3d3LmdzbWFyZW5hLmNvbS9zYW1zdW5nX3RlbXBvcmFyaWx5X2Nsb3Nlc19pdHNfc21hcnRwaG9uZV9mYWN0b3J5X2luX2luZGlhLW5ld3MtNDIxNzIucGhw0gFfaHR0cHM6Ly9tLmdzbWFyZW5hLmNvbS9zYW1zdW5nX3RlbXBvcmFyaWx5X2Nsb3Nlc19pdHNfc21hcnRwaG9uZV9mYWN0b3J5X2luX2luZGlhLWFtcC00MjE3Mi5waHA?hl=en-IN&gl=IN&ceid=IN%3Aen
Jawa Perak deliveries delayed - Jawa production shut down,Jawa Perak deliveries delay due to corona virus (COVID-19) outbreak in India. Jawa Motorcycles has halted production at its Pithampur plant.,2020-03-24T07:00:46Z,./articles/CBMiQmh0dHBzOi8vd3d3LnJ1c2hsYW5lLmNvbS9qYXdhLXBlcmFrLWRlbGl2ZXJpZXMtZGVsYXktMTIzNTcwNTMuaHRtbNIBRmh0dHBzOi8vd3d3LnJ1c2hsYW5lLmNvbS9qYXdhLXBlcmFrLWRlbGl2ZXJpZXMtZGVsYXktMTIzNTcwNTMuaHRtbC9hbXA?hl=en-IN&gl=IN&ceid=IN%3Aen
Coronavirus lockdown: Banks open but some branches may be closed,The Indian Banks' Association has suggested banks that they can keep some branches shut.Several banks have asked customers to avoid visiting branches ...,2020-03-23T07:10:17Z,./articles/CBMifWh0dHBzOi8vd3d3LmxpdmVtaW50LmNvbS9pbmR1c3RyeS9iYW5raW5nL2Nvcm9uYXZpcnVzLWxvY2tkb3duLWJhbmtzLW9wZW4tYnV0LXNvbWUtYnJhbmNoZXMtbWF5LWJlLWNsb3NlZC0xMTU4NDk0NDg0NzU4Mi5odG1s0gGBAWh0dHBzOi8vd3d3LmxpdmVtaW50LmNvbS9pbmR1c3RyeS9iYW5raW5nL2Nvcm9uYXZpcnVzLWxvY2tkb3duLWJhbmtzLW9wZW4tYnV0LXNvbWUtYnJhbmNoZXMtbWF5LWJlLWNsb3NlZC9hbXAtMTE1ODQ5NDQ4NDc1ODIuaHRtbA?hl=en-IN&gl=IN&ceid=IN%3Aen
Crypto Exchange CoinDCX Raises $3 Mn For Product And Service Growth,Mumbai-based cryptocurrency exchange aggregator CoinDCX has closed its Series A funding round with $3 Mn.,2020-03-24T02:57:35Z,./articles/CAIiEIcHFubOpzMm99bir1SL2cgqGQgEKhAIACoHCAowy-iDCzCr6v8CMKuF9QU?hl=en-IN&gl=IN&ceid=IN%3Aen
Coronavirus pandemic | Mahindra factories to manufacture ventilators for COVID-19 patients,Mahindra Group CEO Anand Mahindra announced a slew of measures on March 22 to help mitigate the coronavirus crisis in the country. As India continues to ...,2020-03-23T06:58:00Z,./articles/CBMinAFodHRwczovL3d3dy5tb25leWNvbnRyb2wuY29tL25ld3MvdHJlbmRzL2hlYWx0aC10cmVuZHMvY29yb25hdmlydXMtcGFuZGVtaWMtbWFoaW5kcmEtZmFjdG9yaWVzLXRvLW1hbnVmYWN0dXJlLXZlbnRpbGF0b3JzLWZvci1jb3ZpZC0xOS1wYXRpZW50cy01MDYxMjAxLmh0bWzSAaABaHR0cHM6Ly93d3cubW9uZXljb250cm9sLmNvbS9uZXdzL3RyZW5kcy9oZWFsdGgtdHJlbmRzL2Nvcm9uYXZpcnVzLXBhbmRlbWljLW1haGluZHJhLWZhY3Rvcmllcy10by1tYW51ZmFjdHVyZS12ZW50aWxhdG9ycy1mb3ItY292aWQtMTktcGF0aWVudHMtNTA2MTIwMS5odG1sL2FtcA?hl=en-IN&gl=IN&ceid=IN%3Aen
Jubilant Food suspends dine-in facility across Domino's Pizza restaurants| shares fall 8%,Share price of Domino's Pizza's operator Jubilant Foodworks fell over 8 percent intraday on March 24 after the company announced that it has suspended ...,2020-03-24T05:12:00Z,./articles/CBMipgFodHRwczovL3d3dy5tb25leWNvbnRyb2wuY29tL25ld3MvYnVzaW5lc3MvbWFya2V0cy9jb3ZpZC0xOS1pbXBhY3QtanViaWxhbnQtZm9vZC1zdXNwZW5kcy1kaW5lLWluLWZhY2lsaXR5LWFjcm9zcy1kb21pbm9zLXBpenphLXJlc3RhdXJhbnRzLXNoYXJlcy1mYWxsLTgtNTA2NTQ4MS5odG1s0gGqAWh0dHBzOi8vd3d3Lm1vbmV5Y29udHJvbC5jb20vbmV3cy9idXNpbmVzcy9tYXJrZXRzL2NvdmlkLTE5LWltcGFjdC1qdWJpbGFudC1mb29kLXN1c3BlbmRzLWRpbmUtaW4tZmFjaWxpdHktYWNyb3NzLWRvbWlub3MtcGl6emEtcmVzdGF1cmFudHMtc2hhcmVzLWZhbGwtOC01MDY1NDgxLmh0bWwvYW1w?hl=en-IN&gl=IN&ceid=IN%3Aen
HBX (Hornbill) Will Complete Tata's Volume Based SUV Lineup Upon Launch,Tata HBX will be launched towards the end of this year as the micro SUV will compete against Maruti Suzuki S-Presso and Mahindra KUV NXT.,2020-03-23T11:00:00Z,./articles/CBMiXGh0dHBzOi8vZ2FhZGl3YWFkaS5jb20vaGJ4LWhvcm5iaWxsLXdpbGwtY29tcGxldGUtdGF0YXMtdm9sdW1lLWJhc2VkLXN1di1saW5ldXAtdXBvbi1sYXVuY2gv0gFgaHR0cHM6Ly9nYWFkaXdhYWRpLmNvbS9oYngtaG9ybmJpbGwtd2lsbC1jb21wbGV0ZS10YXRhcy12b2x1bWUtYmFzZWQtc3V2LWxpbmV1cC11cG9uLWxhdW5jaC9hbXAv?hl=en-IN&gl=IN&ceid=IN%3Aen
Ethereum Taps Key Resistance During Overnight Surge; Will it Break Through?,One analyst is noting that Ethereum's overnight surge has led it up to a key resistance level| which means that further momentum here is critical.,2020-03-23T20:00:48Z,./articles/CBMibWh0dHBzOi8vd3d3Lm5ld3NidGMuY29tLzIwMjAvMDMvMjMvZXRoZXJldW0tdGFwcy1rZXktcmVzaXN0YW5jZS1kdXJpbmctb3Zlcm5pZ2h0LXN1cmdlLXdpbGwtaXQtYnJlYWstdGhyb3VnaC_SAXFodHRwczovL3d3dy5uZXdzYnRjLmNvbS8yMDIwLzAzLzIzL2V0aGVyZXVtLXRhcHMta2V5LXJlc2lzdGFuY2UtZHVyaW5nLW92ZXJuaWdodC1zdXJnZS13aWxsLWl0LWJyZWFrLXRocm91Z2gvYW1wLw?hl=en-IN&gl=IN&ceid=IN%3Aen
Utilities stay true to their name| repeat 2008 outperformance in another crisis,Investors should look at companies with an assured return on equity — about 15 per cent.,2020-03-24T02:36:00Z,./articles/CBMioAFodHRwczovL2Vjb25vbWljdGltZXMuaW5kaWF0aW1lcy5jb20vbWFya2V0cy9zdG9ja3MvbmV3cy91dGlsaXRpZXMtc3RheS10cnVlLXRvLXRoZWlyLW5hbWUtcmVwZWF0LTIwMDgtb3V0cGVyZm9ybWFuY2UtaW4tYW5vdGhlci1jcmlzaXMvYXJ0aWNsZXNob3cvNzQ3ODQ2MjUuY21z0gGbAWh0dHBzOi8vbS5lY29ub21pY3RpbWVzLmNvbS9tYXJrZXRzL3N0b2Nrcy9uZXdzL3V0aWxpdGllcy1zdGF5LXRydWUtdG8tdGhlaXItbmFtZS1yZXBlYXQtMjAwOC1vdXRwZXJmb3JtYW5jZS1pbi1hbm90aGVyLWNyaXNpcy9hbXBfYXJ0aWNsZXNob3cvNzQ3ODQ2MjUuY21z?hl=en-IN&gl=IN&ceid=IN%3Aen
Emirates Airline Retracts Decision to Halt Passenger Flight Operations Due to Coronavirus,Dubai carrier Emirates reversed on Sunday its decision to suspend all passenger flights| shortly after it said it would halt operations from March 25 amid the ...,2020-03-23T14:19:06Z,./articles/CAIiED1091b105lnufONlGdcWHEqGQgEKhAIACoHCAow5qqNCzD4q58DMNXIpwY?hl=en-IN&gl=IN&ceid=IN%3Aen
WOW: Singapore Airlines Reduces Fleet To Just 9 Planes,Singapore Airlines is down to operating just nine aircraft. The announcement came today as the nation banned transit passengers. Very few people are currently ...,2020-03-23T12:11:23Z,./articles/CBMiN2h0dHBzOi8vc2ltcGxlZmx5aW5nLmNvbS9zaW5nYXBvcmUtYWlybGluZXMtOS1haXJjcmFmdC_SATtodHRwczovL3NpbXBsZWZseWluZy5jb20vc2luZ2Fwb3JlLWFpcmxpbmVzLTktYWlyY3JhZnQvYW1wLw?hl=en-IN&gl=IN&ceid=IN%3Aen
IT captives see project delays amid lockdown,Bengaluru: India technology captives or global in-house centres (GICs) see projects delayed as the country imposes lockdown to stem the spread of coronavirus ...,2020-03-24T02:30:23Z,./articles/CAIiEJPt-zk3Ri_YRQ1VfdGSXUYqGQgEKhAIACoHCAow2pqGCzD954MDMNCRzgY?hl=en-IN&gl=IN&ceid=IN%3Aen
COVID-19: Travelling by flight in India? The seat next to you should be vacant; check new guidelines,Coronavirus COVID-19 outbreak in India: Travelling by flight in the country? Take note of these new guidelines! Airlines and airports have been asked to follow ...,2020-03-23T11:51:27Z,./articles/CAIiEM1byJiofXZDCt_iG3PMdOIqGQgEKhAIACoHCAow55veCjDzvdUBMIPh5gU?hl=en-IN&gl=IN&ceid=IN%3Aen
Stocks in the news: SBI| Sterlite Tech| HUL| Dr Reddy's Labs| Usha Martin| GNFC,SBI | Indiabulls Housing Finance | Usha Martin | Amber Enterprises | GNFC and Sterlite Technologies are among the stocks that are in the news today.,2020-03-24T02:22:00Z,./articles/CBMihAFodHRwczovL3d3dy5tb25leWNvbnRyb2wuY29tL25ld3MvYnVzaW5lc3MvbWFya2V0cy9zdG9ja3MtaW4tdGhlLW5ld3Mtc2JpLXN0ZXJsaXRlLXRlY2gtZHItcmVkZHlzLWxhYnMtdXNoYS1tYXJ0aW4tZ25mYy01MDY0MTExLmh0bWzSAYgBaHR0cHM6Ly93d3cubW9uZXljb250cm9sLmNvbS9uZXdzL2J1c2luZXNzL21hcmtldHMvc3RvY2tzLWluLXRoZS1uZXdzLXNiaS1zdGVybGl0ZS10ZWNoLWRyLXJlZGR5cy1sYWJzLXVzaGEtbWFydGluLWduZmMtNTA2NDExMS5odG1sL2FtcA?hl=en-IN&gl=IN&ceid=IN%3Aen
‘Experimental’ drug that failed to cure ebola is now world’s best shot against COVID-19,New Delhi: A drug that was presented and then rejected as a cure for the ebola virus is now being seen as the best option to treat COVID-19. Remdesivir ...,2020-03-24T03:31:39Z,./articles/CBMid2h0dHBzOi8vdGhlcHJpbnQuaW4vaGVhbHRoL2V4cGVyaW1lbnRhbC1kcnVnLXRoYXQtZmFpbGVkLXRvLWN1cmUtZWJvbGEtaXMtbm93LXdvcmxkcy1iZXN0LXNob3QtYWdhaW5zdC1jb3ZpZC0xOS8zODY2Mzgv0gF7aHR0cHM6Ly90aGVwcmludC5pbi9oZWFsdGgvZXhwZXJpbWVudGFsLWRydWctdGhhdC1mYWlsZWQtdG8tY3VyZS1lYm9sYS1pcy1ub3ctd29ybGRzLWJlc3Qtc2hvdC1hZ2FpbnN0LWNvdmlkLTE5LzM4NjYzOC8_YW1w?hl=en-IN&gl=IN&ceid=IN%3Aen
This is what your 'coronavirus search' on Google will now show,NEW DELHI: Internet search giant Google's dedicated section that aims to provide easy access to the information related to coronavirus (COVID-19) is now live ...,2020-03-23T03:48:19Z,./articles/CAIiELpX5dnnj0tAnLqgcBreykwqGQgEKhAIACoHCAowv9f9CjCs1fUCMNfb8wU?hl=en-IN&gl=IN&ceid=IN%3Aen
Dettol| ITC| Godrej and others reduce hand sanitizer prices after government directive,FMCG companies have reduced the prices of hand sanitizers following the government directive and have also increased their production to meet the sudden ...,2020-03-23T07:54:31Z,./articles/CBMigQFodHRwczovL3d3dy50aGVuZXdzbWludXRlLmNvbS9hcnRpY2xlL2RldHRvbC1pdGMtZ29kcmVqLWFuZC1vdGhlcnMtcmVkdWNlLWhhbmQtc2FuaXRpemVyLXByaWNlcy1hZnRlci1nb3Zlcm5tZW50LWRpcmVjdGl2ZS0xMjA4OTnSAYUBaHR0cHM6Ly93d3cudGhlbmV3c21pbnV0ZS5jb20vYXJ0aWNsZS9kZXR0b2wtaXRjLWdvZHJlai1hbmQtb3RoZXJzLXJlZHVjZS1oYW5kLXNhbml0aXplci1wcmljZXMtYWZ0ZXItZ292ZXJubWVudC1kaXJlY3RpdmUtMTIwODk5P2FtcA?hl=en-IN&gl=IN&ceid=IN%3Aen
HUL To Acquire VWash From Glenmark Pharma,Hindustan Unilever Ltd. agreed to acquire an intimate feminine hygiene brand from Glenmark Pharmaceuticals Ltd. as part of its plan to enter fast-growing ...,2020-03-23T12:59:18Z,./articles/CAIiEH-rbaPJkHXOpLGnTSFKULMqGQgEKhAIACoHCAowqvSQCzD0nKUDMM3htQY?hl=en-IN&gl=IN&ceid=IN%3Aen
3 electric SUVs you can buy in India right NOW,We list down all the electric SUVs that are on sale in India and 2 more that are upcoming.,2020-03-24T07:31:18Z,./articles/CAIiELNe176ErkxcEFMurBuASiUqGQgEKhAIACoHCAowyP2ACzCo4PsCMJ6D7AU?hl=en-IN&gl=IN&ceid=IN%3Aen
M&M Chairman Anand Mahindra to offer 100% salary to fight coronavirus,Anand Mahindra| the Chairman of Mahindra & Mahindra has decided to offer his 100% salary to deal with the impact of the Coronavirus epidemic. Mahindra on ...,2020-03-23T02:48:45Z,./articles/CBMidmh0dHBzOi8vd3d3LnBlb3BsZW1hdHRlcnMuaW4vbmV3cy9sZWFkZXJzaGlwL21tLWNoYWlybWFuLWFuYW5kLW1haGluZHJhLXRvLW9mZmVyLTEwMC1zYWxhcnktdG8tZmlnaHQtY29yb25hdmlydXMtMjUwNzTSAXVodHRwczovL3d3dy5wZW9wbGVtYXR0ZXJzLmluL2FtcC1sZWFkZXJzaGlwLW1tLWNoYWlybWFuLWFuYW5kLW1haGluZHJhLXRvLW9mZmVyLTEwMC1zYWxhcnktdG8tZmlnaHQtY29yb25hdmlydXMtMjUwNzQ?hl=en-IN&gl=IN&ceid=IN%3Aen
